document_id,file_name,state,district,anchal,halka,mauja,jamabandi_number,computerized_jamabandi_number,khata_number,khesra_plot_number,raiyat_name,father_or_husband_name,land_area,document_type,language,verified,extracted_text
BR_PATNA_SAMPATCHAK_001,BR_PATNA_SAMPATCHAK_001.pdf,Bihar,Patna,Sampatchak,Bairiya Karnpura,Karnpura-121,,,,,,,,Jamabandi Register-II,Hindi,False,"===== PAGE 1 =====

Patna Patna Sadar Sampatchak BAIRIYA KARNPURA
कणपुरा N/A 0 121
िबहार  सरकार  
राजस्व  एवं  भूिम  सुधार  िवभाग
जमाबंदी  पंजी  प्रित
भाग  वतमान  : 5 पृष्ठ  संा  : 682 जमाबी  संा  : 278 कंूटरीकृत  जमाबी  संा  : 212140100008933
िजला  का  नाम  : अनुमंडल  नाम  : अचंल  का  नाम  : हलका  का  नाम  :
मौजा  का  नाम  : होग  संा  : तौजी  संा  : थाना  नंबर  :
 
, सौहर  / पित -, जाित -N/A, िनवासी - JAMABANDI 279
PAR DARJ HAI
खाता  सं० ाट / खेसरा  सं० रकबा चौही परवतन  के  िलए  प्रािघकार लगान सेस
0 0 0   ए    0   िड   0   हे
पू० : प० : 
उ० : द० : n/a 10 0
 कुल  परमान 0   ए    0   िड   0   हे     
अंितम  लगान  का  िववरण
तारीख प्रा  पत्र  सं० साल  से साल  तक लागत  बकाया
2010-06-30 377688 2010 2011 0
उपरोक्त  जमाबंदी  के  िवरुद्ध  दाखल  ख़ारज  का  िववरण Mutation Cases Not Found !!
यिद  आप  िकसी  भी  ॉट  के  रिजेशन  के  बारे  म  जानकारी  प्राप्त  करना  चाहते  ह  तो  यहां  क  कर  !
उपरोक्त  जमाबंदी  के  िवरुद्ध  भूिम  बंधक  ( Land Mortgage ) से  सम्बंिधत  िववरण  देखने  के  िलए  यहाँ  क  कर
जमाबंदी  म  िकये  गए  बदलाव  का  िववरण  देखने  के  िलए  यहाँ  क  कर
उपरोक्त  जमाबंदी  के  िवरुद्ध  िविभन्न  राजस्व  कोट  म  दायर  मुकदमों  का  िववरण  देखने  के  िलए  यहाँ  क  कर
यह  एक  कम्पयुटर  जिनत  प्रित  है
िकसी  भी  प्रकार  की  अशुद्धयों  के  िलए  सम्बत  अंचलािधकारी  से  संपक  करे
Last Updated Date:-05/09/2026"
BR_PATNA_SAMPATCHAK_002,BR_PATNA_SAMPATCHAK_002.pdf,Bihar,Patna,Sampatchak,Bairiya Karnpura,Karnpura-121,,,,,,,,Jamabandi Register-II,Hindi,False,"===== PAGE 1 =====

Patna Patna Sadar Sampatchak BAIRIYA KARNPURA
कणपुरा N/A 0 121
िबहार  सरकार  
राजस्व  एवं  भूिम  सुधार  िवभाग
जमाबंदी  पंजी  प्रित
भाग  वतमान  : 5 पृष्ठ  संा  : 502 जमाबी  संा  : 577 कंूटरीकृत  जमाबी  संा  : 212140100009361
िजला  का  नाम  : अनुमंडल  नाम  : अचंल  का  नाम  : हलका  का  नाम  :
मौजा  का  नाम  : होग  संा  : तौजी  संा  : थाना  नंबर  :
 
, सौहर  / पित -, जाित -N/A, िनवासी - JAMABANDI 578
PAR DARJ HAI
खाता  सं० ाट / खेसरा  सं० रकबा चौही परवतन  के  िलए  प्रािघकार लगान सेस
0 0 0   ए    0   िड   0   हे
पू० : प० : 
उ० : द० : n/a 50 0
 कुल  परमान 0   ए    0   िड   0   हे     
अंितम  लगान  का  िववरण
तारीख प्रा  पत्र  सं० साल  से साल  तक लागत  बकाया
2011-08-19 164221 2011 2012 0
उपरोक्त  जमाबंदी  के  िवरुद्ध  दाखल  ख़ारज  का  िववरण Mutation Cases Not Found !!
यिद  आप  िकसी  भी  ॉट  के  रिजेशन  के  बारे  म  जानकारी  प्राप्त  करना  चाहते  ह  तो  यहां  क  कर  !
उपरोक्त  जमाबंदी  के  िवरुद्ध  भूिम  बंधक  ( Land Mortgage ) से  सम्बंिधत  िववरण  देखने  के  िलए  यहाँ  क  कर
जमाबंदी  म  िकये  गए  बदलाव  का  िववरण  देखने  के  िलए  यहाँ  क  कर
उपरोक्त  जमाबंदी  के  िवरुद्ध  िविभन्न  राजस्व  कोट  म  दायर  मुकदमों  का  िववरण  देखने  के  िलए  यहाँ  क  कर
यह  एक  कम्पयुटर  जिनत  प्रित  है
िकसी  भी  प्रकार  की  अशुद्धयों  के  िलए  सम्बत  अंचलािधकारी  से  संपक  करे
Last Updated Date:-05/09/2026"
BR_PATNA_SAMPATCHAK_003,BR_PATNA_SAMPATCHAK_003.pdf,Bihar,Patna,Sampatchak,Bairiya Karnpura,Karnpura-121,,,,,,,,Jamabandi Register-II,Hindi,False,"===== PAGE 1 =====

Patna Patna Sadar Sampatchak BAIRIYA KARNPURA
कणपुरा 0 0 121
िबहार  सरकार  
राजस्व  एवं  भूिम  सुधार  िवभाग
जमाबंदी  पंजी  प्रित
भाग  वतमान  : 1 पृष्ठ  संा  : 63 जमाबी  संा  : 63 कंूटरीकृत  जमाबी  संा  : 212140100091188
िजला  का  नाम  : अनुमंडल  नाम  : अचंल  का  नाम  : हलका  का  नाम  :
मौजा  का  नाम  : होग  संा  : तौजी  संा  : थाना  नंबर  :
 
, िपता / बाप / अबू  -, जाित -N/A, िनवासी - .
खाता  सं० ाट / खेसरा  सं० रकबा चौही परवतन  के  िलए  प्रािघकार लगान सेस
0 0 0   ए    0   िड   0   हे
पू० : प० : 
उ० : द० : 10 0
 कुल  परमान 0   ए    0   िड   0   हे     
अंितम  लगान  का  िववरण
तारीख प्रा  पत्र  सं० साल  से साल  तक लागत  बकाया
उपरोक्त  जमाबंदी  के  िवरुद्ध  दाखल  ख़ारज  का  िववरण
Sl
No Case No Mauja Khata
No Plot No Area Applicant Name Application
Date Status View
1 3098 / 2019 - 2020 कणपुरा -121 49 563
0 एकड़
11.718
िडसमील
DHANANJAY
KUMAR SINGH 09/08/2019 Status Correction
Slip generated
यिद  आप  िकसी  भी  ॉट  के  रिजेशन  के  बारे  म  जानकारी  प्राप्त  करना  चाहते  ह  तो  यहां  क  कर  !
उपरोक्त  जमाबंदी  के  िवरुद्ध  भूिम  बंधक  ( Land Mortgage ) से  सम्बंिधत  िववरण  देखने  के  िलए  यहाँ  क  कर
जमाबंदी  म  िकये  गए  बदलाव  का  िववरण  देखने  के  िलए  यहाँ  क  कर
उपरोक्त  जमाबंदी  के  िवरुद्ध  िविभन्न  राजस्व  कोट  म  दायर  मुकदमों  का  िववरण  देखने  के  िलए  यहाँ  क  कर
यह  एक  कम्पयुटर  जिनत  प्रित  है
िकसी  भी  प्रकार  की  अशुद्धयों  के  िलए  सम्बत  अंचलािधकारी  से  संपक  करे
Last Updated Date:-05/09/2026"
BR_PATNA_SAMPATCHAK_004,BR_PATNA_SAMPATCHAK_004.pdf,Bihar,Patna,Sampatchak,Bairiya Karnpura,Karnpura-121,,,,,,,,Jamabandi Register-II,Hindi,False,"===== PAGE 1 =====

Patna Patna Sadar Sampatchak BAIRIYA KARNPURA
कणपुरा 0 0 121
िबहार  सरकार  
राजस्व  एवं  भूिम  सुधार  िवभाग
जमाबंदी  पंजी  प्रित
भाग  वतमान  : 21 पृष्ठ  संा  : 778 जमाबी  संा  : 778 कंूटरीकृत  जमाबी  संा  : 212140100115241
िजला  का  नाम  : अनुमंडल  नाम  : अचंल  का  नाम  : हलका  का  नाम  :
मौजा  का  नाम  : होग  संा  : तौजी  संा  : थाना  नंबर  :
 
0 , िपता / बाप / अबू  -0, जाित -N/A, िनवासी - ,
खाता  सं० ाट / खेसरा  सं० रकबा चौही परवतन  के  िलए  प्रािघकार लगान सेस
0 0 0   ए    0   िड   0   हे
पू० : प० : 
उ० : द० : primarjan 20202804018656 50 0
0 0 0   ए    22   िड   0   हे
पू० : प० : 
उ० : द० : primarjan 20202804018656 50 0
0 0 0   ए    8   िड   0   हे
पू० : प० : 
उ० : द० : primarjan 20202804018656 50 0
80 0 0   ए    2   िड   0   हे
पू० : प० : 
उ० : द० : primarjan 20202804018656 50 0
80 502 0   ए    12   िड   0   हे
पू० : प० : 
उ० : द० : primarjan 20202804018656 50 0
80 0 0   ए    0   िड   0   हे
पू० : प० : 
उ० : द० : primarjan 20202804018656 50 0
80 506 0   ए    23   िड   0   हे
पू० : प० : 
उ० : द० : primarjan 20202804018656 50 0
80 0 0   ए    0   िड   0   हे
पू० : प० : 
उ० : द० : primarjan 20202804018656 50 0
80 540 0   ए    4   िड   0   हे
पू० : प० : 
उ० : द० : primarjan 20202804018656 50 0
80 153 0   ए    14.5   िड   0   हे
पू० : प० : 
उ० : द० : primarjan 20202804018656 50 0
80 181 0   ए    2   िड   0   हे
पू० : प० : 
उ० : द० : primarjan 20202804018656 50 0
80 44 0   ए    1   िड   0   हे
पू० : प० : 
उ० : द० : primarjan 20202804018656 50 0
80 186 0   ए    26.33   िड   0   हे
पू० : प० : 
उ० : द० : primarjan 20202804018656 50 0
80 185 0   ए    22   िड   0   हे
पू० : प० : 
उ० : द० : primarjan 20202804018656 50 0
80 697 0   ए    0.83   िड   0   हे
पू० : प० : 
उ० : द० : primarjan 20202804018656 50 0
80 107 0   ए    19   िड   0   हे
पू० : प० : 
उ० : द० : primarjan 20202804018656 50 0
80 30, 9 0   ए    22   िड   0   हे
पू० : प० : 
उ० : द० : primarjan 20202804018656 50 0
0 0 0   ए    0   िड   0   हे
पू० : प० : 
उ० : द० : primarjan 20202804018656 50 0
0 0 0   ए    0   िड   0   हे
पू० : प० : 
उ० : द० : primarjan 20202804018656 50 0
 कुल  परमान 2   ए    41.5   िड   0   हे     
अंितम  लगान  का  िववरण
तारीख प्रा  पत्र  सं० साल  से साल  तक लागत  बकाया
उपरोक्त  जमाबंदी  के  िवरुद्ध  दाखल  ख़ारज  का  िववरण Mutation Cases Not Found !!
यिद  आप  िकसी  भी  ॉट  के  रिजेशन  के  बारे  म  जानकारी  प्राप्त  करना  चाहते  ह  तो  यहां  क  कर  !
उपरोक्त  जमाबंदी  के  िवरुद्ध  भूिम  बंधक  ( Land Mortgage ) से  सम्बंिधत  िववरण  देखने  के  िलए  यहाँ  क  कर
जमाबंदी  म  िकये  गए  बदलाव  का  िववरण  देखने  के  िलए  यहाँ  क  कर
उपरोक्त  जमाबंदी  के  िवरुद्ध  िविभन्न  राजस्व  कोट  म  दायर  मुकदमों  का  िववरण  देखने  के  िलए  यहाँ  क  कर

===== PAGE 2 =====

यह  एक  कम्पयुटर  जिनत  प्रित  है
िकसी  भी  प्रकार  की  अशुद्धयों  के  िलए  सम्बत  अंचलािधकारी  से  संपक  करे
Last Updated Date:-05/09/2026"
BR_PATNA_SAMPATCHAK_005,BR_PATNA_SAMPATCHAK_005.pdf,Bihar,Patna,Sampatchak,Bairiya Karnpura,Karnpura-121,,,,,,,,Jamabandi Register-II,Hindi,False,"===== PAGE 1 =====

Patna Patna Sadar Sampatchak BAIRIYA KARNPURA
कणपुरा 0 0 121
िबहार  सरकार  
राजस्व  एवं  भूिम  सुधार  िवभाग
जमाबंदी  पंजी  प्रित
भाग  वतमान  : 4 पृष्ठ  संा  : 73 जमाबी  संा  : 73 कंूटरीकृत  जमाबी  संा  : 212140100129896
िजला  का  नाम  : अनुमंडल  नाम  : अचंल  का  नाम  : हलका  का  नाम  :
मौजा  का  नाम  : होग  संा  : तौजी  संा  : थाना  नंबर  :
 
0 , सौहर  / पित -0, जाित - अन्य , िनवासी -
खाता  सं० ाट / खेसरा  सं० रकबा चौही परवतन  के  िलए  प्रािघकार लगान सेस
0 0 0   ए    0   िड   0   हे
पू० : प० : 
उ० : द० : OM SIR 20212802028965 20 20
 कुल  परमान 0   ए    67.969   िड   0   हे     
अंितम  लगान  का  िववरण
तारीख प्रा  पत्र  सं० साल  से साल  तक लागत  बकाया
2023-04-13 10:56:34 13042310541642509228 2015-2016 2023-2024 160
उपरोक्त  जमाबंदी  के  िवरुद्ध  दाखल  ख़ारज  का  िववरण Mutation Cases Not Found !!
यिद  आप  िकसी  भी  ॉट  के  रिजेशन  के  बारे  म  जानकारी  प्राप्त  करना  चाहते  ह  तो  यहां  क  कर  !
उपरोक्त  जमाबंदी  के  िवरुद्ध  भूिम  बंधक  ( Land Mortgage ) से  सम्बंिधत  िववरण  देखने  के  िलए  यहाँ  क  कर
जमाबंदी  म  िकये  गए  बदलाव  का  िववरण  देखने  के  िलए  यहाँ  क  कर
उपरोक्त  जमाबंदी  के  िवरुद्ध  िविभन्न  राजस्व  कोट  म  दायर  मुकदमों  का  िववरण  देखने  के  िलए  यहाँ  क  कर
यह  एक  कम्पयुटर  जिनत  प्रित  है
िकसी  भी  प्रकार  की  अशुद्धयों  के  िलए  सम्बत  अंचलािधकारी  से  संपक  करे
Last Updated Date:-05/09/2026"
BR_PATNA_SAMPATCHAK_006,BR_PATNA_SAMPATCHAK_006.pdf,Bihar,Patna,Sampatchak,Bairiya Karnpura,Karnpura-121,,212140100157117.0,,,"""AABHA DEVI""","""VINIT KUMAR CHAUBEY""",,Jamabandi Register-II,Hindi,True,"===== PAGE 1 =====

Patna Patna Sadar Sampatchak BAIRIYA KARNPURA
कणपुरा 22 121
िबहार  सरकार  
राजस्व  एवं  भूिम  सुधार  िवभाग
जमाबंदी  पंजी  प्रित
भाग  वतमान  : 21 पृष्ठ  संा  : 60 जमाबी  संा  : कंूटरीकृत  जमाबी  संा  : 212140100157117
िजला  का  नाम  : अनुमंडल  नाम  : अचंल  का  नाम  : हलका  का  नाम  :
मौजा  का  नाम  : होग  संा  : तौजी  संा  : थाना  नंबर  :
 
AABHA DEVI, िलंग : मिहला  , सौहर  / पित -VINIT
KUMAR CHAUBEY, जाित - ाह्मण , िनवासी - VILL
FATEHPUR PS RAGHOPUR DIST VAISHALI
खाता  सं० ाट / खेसरा  सं० रकबा चौही परवतन  के  िलए  प्रािघकार लगान सेस
22 84 0   ए    1.5759   िड   0   हे
पू० : SURVEY PLOT 84 KA ANSH प० : EMROJA KRETA SMT KHUSHBU KUMARI
उ० : HAL KHARIDAR द० : 12 FIT CHAURA SAHAYAK RASTA नामान्तरण  मुकदमा  संा  5353/2025 - 2026 10 0
 कुल  परमान 0   ए    1.5759   िड   0   हे     
अंितम  लगान  का  िववरण
तारीख प्रा  पत्र  सं० साल  से साल  तक लागत  बकाया
उपरोक्त  जमाबंदी  के  िवरुद्ध  दाखल  ख़ारज  का  िववरण Mutation Cases Not Found !!
यिद  आप  िकसी  भी  ॉट  के  रिजेशन  के  बारे  म  जानकारी  प्राप्त  करना  चाहते  ह  तो  यहां  क  कर  !
उपरोक्त  जमाबंदी  के  िवरुद्ध  भूिम  बंधक  ( Land Mortgage ) से  सम्बंिधत  िववरण  देखने  के  िलए  यहाँ  क  कर
जमाबंदी  म  िकये  गए  बदलाव  का  िववरण  देखने  के  िलए  यहाँ  क  कर
उपरोक्त  जमाबंदी  के  िवरुद्ध  िविभन्न  राजस्व  कोट  म  दायर  मुकदमों  का  िववरण  देखने  के  िलए  यहाँ  क  कर
यह  एक  कम्पयुटर  जिनत  प्रित  है
िकसी  भी  प्रकार  की  अशुद्धयों  के  िलए  सम्बत  अंचलािधकारी  से  संपक  करे
Last Updated Date:-05/09/2026"
BR_PATNA_SAMPATCHAK_008,BR_PATNA_SAMPATCHAK_008.pdf,Bihar,Patna,Sampatchak,Bairiya Karnpura,Karnpura-121,,212140100126423.0,"[""40""]","[""91""]","[""Raj Kumar Prasad""]",,"[""11.48""]",Jamabandi Register-II,Hindi,False,"===== PAGE 1 =====

Patna Patna Sadar Sampatchak BAIRIYA KARNPURA
कणपुरा 46 121
िबहार  सरकार  
राजस्व  एवं  भूिम  सुधार  िवभाग
जमाबंदी  पंजी  प्रित
भाग  वतमान  : 20 पृष्ठ  संा  : 100 जमाबी  संा  : कंूटरीकृत  जमाबी  संा  : 212140100153737
िजला  का  नाम  : अनुमंडल  नाम  : अचंल  का  नाम  : हलका  का  नाम  :
मौजा  का  नाम  : होग  संा  : तौजी  संा  : थाना  नंबर  :
 
ABHAY KUMAR, िलंग : पुरुष  , िपता / बाप / अबू  -SHREE
RAM LAGAN PASWAN, जाित - दुसाध , धारी , धारही ,
िनवासी - FARASPUR एवं  SINDHU KUMARI, िलंग :
मिहला  , बीबी  / पी -ABHAY KUMAR, जाित - दुसाध , धारी ,
धारही , िनवासी - FARASPUR
खाता  सं० ाट / खेसरा  सं० रकबा चौही परवतन  के  िलए  प्रािघकार लगान सेस
46 189 0   ए    2.0477   िड   0   हे
पू० : HAL KHARIDAR DIGAR प० : 12 FEET CHAURA SAHAYAK RASTA
उ० : HAL KHARIDAR DIGAR द० : BHAGIRATH SINGH नामान्तरण  मुकदमा  संा  1733/2025 - 2026 10 0
 कुल  परमान 0   ए    2.0477   िड   0   हे     
अंितम  लगान  का  िववरण
तारीख प्रा  पत्र  सं० साल  से साल  तक लागत  बकाया
2025-07-27 18:11:41 27072506100389666327 2025-2026 2025-2026 0
उपरोक्त  जमाबंदी  के  िवरुद्ध  दाखल  ख़ारज  का  िववरण Mutation Cases Not Found !!
यिद  आप  िकसी  भी  ॉट  के  रिजेशन  के  बारे  म  जानकारी  प्राप्त  करना  चाहते  ह  तो  यहां  क  कर  !
उपरोक्त  जमाबंदी  के  िवरुद्ध  भूिम  बंधक  ( Land Mortgage ) से  सम्बंिधत  िववरण  देखने  के  िलए  यहाँ  क  कर
जमाबंदी  म  िकये  गए  बदलाव  का  िववरण  देखने  के  िलए  यहाँ  क  कर
उपरोक्त  जमाबंदी  के  िवरुद्ध  िविभन्न  राजस्व  कोट  म  दायर  मुकदमों  का  िववरण  देखने  के  िलए  यहाँ  क  कर
यह  एक  कम्पयुटर  जिनत  प्रित  है
िकसी  भी  प्रकार  की  अशुद्धयों  के  िलए  सम्बत  अंचलािधकारी  से  संपक  करे
Last Updated Date:-05/09/2026"
BR_PATNA_SAMPATCHAK_007,BR_PATNA_SAMPATCHAK_007.pdf,Bihar,Patna,Sampatchak,Bairiya Karnpura,Karnpura-121,,212140100153737.0,"[""46""]","[""189""]","[""Abhay Kumar""]","[""Shree Ram Lagan Paswan""]","[""2.0477""]",Jamabandi Register-II,Hindi,False,"===== PAGE 1 =====

Patna Patna Sadar Sampatchak BAIRIYA KARNPURA
कणपुरा 40 121
िबहार  सरकार  
राजस्व  एवं  भूिम  सुधार  िवभाग
जमाबंदी  पंजी  प्रित
भाग  वतमान  : 15 पृष्ठ  संा  : 49 जमाबी  संा  : कंूटरीकृत  जमाबी  संा  : 212140100126423
िजला  का  नाम  : अनुमंडल  नाम  : अचंल  का  नाम  : हलका  का  नाम  :
मौजा  का  नाम  : होग  संा  : तौजी  संा  : थाना  नंबर  :
 
RAJ KUMAR PRASAD, िलंग : पुरुष  , िपता / बाप / अबू  -
RAMJI PRASAD, जाित - कुम , िनवासी - AT- MAURYA
VIHAR COLONY, KUMHRAR, PS- AGAMKUAN,
PATNA एवं  AABHA KUMARI, िलंग : मिहला  , िपता / बाप /
अबू  -RAJ KISHORE PRASAD, जाित - कुम , िनवासी - AT-
MAURYA VIHAR COLONY, KUMHRAR, PS-
AGAMKUAN, PATNA
खाता  सं० ाट / खेसरा  सं० रकबा चौही परवतन  के  िलए  प्रािघकार लगान सेस
40 91 0   ए    11.48   िड   0   हे
पू० : प० : 
उ० : द० : नामान्तरण  मुकदमा  संा  59301/2021 - 2022 20 0
 कुल  परमान 0   ए    11.48   िड   0   हे     
अंितम  लगान  का  िववरण
तारीख प्रा  पत्र  सं० साल  से साल  तक लागत  बकाया
2022-02-03 20:07:23 03022022080609194824 2021-2022 2021-2022 0
उपरोक्त  जमाबंदी  के  िवरुद्ध  दाखल  ख़ारज  का  िववरण Mutation Cases Not Found !!
यिद  आप  िकसी  भी  ॉट  के  रिजेशन  के  बारे  म  जानकारी  प्राप्त  करना  चाहते  ह  तो  यहां  क  कर  !
उपरोक्त  जमाबंदी  के  िवरुद्ध  भूिम  बंधक  ( Land Mortgage ) से  सम्बंिधत  िववरण  देखने  के  िलए  यहाँ  क  कर
जमाबंदी  म  िकये  गए  बदलाव  का  िववरण  देखने  के  िलए  यहाँ  क  कर
उपरोक्त  जमाबंदी  के  िवरुद्ध  िविभन्न  राजस्व  कोट  म  दायर  मुकदमों  का  िववरण  देखने  के  िलए  यहाँ  क  कर
यह  एक  कम्पयुटर  जिनत  प्रित  है
िकसी  भी  प्रकार  की  अशुद्धयों  के  िलए  सम्बत  अंचलािधकारी  से  संपक  करे
Last Updated Date:-05/09/2026"
BR_PATNA_SAMPATCHAK_009,BR_PATNA_SAMPATCHAK_009.pdf,Bihar,Patna,Sampatchak,Bairiya Karnpura,Karnpura-121,,212140100153737.0,"[""46""]","[""189""]","[""Abhay Kumar""]","[""Shree Ram Lagan Paswan""]","[""2.0477""]",Jamabandi Register-II,Hindi,False,"===== PAGE 1 =====

Patna Patna Sadar Sampatchak BAIRIYA KARNPURA
कणपुरा 46 121
िबहार  सरकार  
राजस्व  एवं  भूिम  सुधार  िवभाग
जमाबंदी  पंजी  प्रित
भाग  वतमान  : 20 पृष्ठ  संा  : 100 जमाबी  संा  : कंूटरीकृत  जमाबी  संा  : 212140100153737
िजला  का  नाम  : अनुमंडल  नाम  : अचंल  का  नाम  : हलका  का  नाम  :
मौजा  का  नाम  : होग  संा  : तौजी  संा  : थाना  नंबर  :
 
ABHAY KUMAR, िलंग : पुरुष  , िपता / बाप / अबू  -SHREE
RAM LAGAN PASWAN, जाित - दुसाध , धारी , धारही ,
िनवासी - FARASPUR एवं  SINDHU KUMARI, िलंग :
मिहला  , बीबी  / पी -ABHAY KUMAR, जाित - दुसाध , धारी ,
धारही , िनवासी - FARASPUR
खाता  सं० ाट / खेसरा  सं० रकबा चौही परवतन  के  िलए  प्रािघकार लगान सेस
46 189 0   ए    2.0477   िड   0   हे
पू० : HAL KHARIDAR DIGAR प० : 12 FEET CHAURA SAHAYAK RASTA
उ० : HAL KHARIDAR DIGAR द० : BHAGIRATH SINGH नामान्तरण  मुकदमा  संा  1733/2025 - 2026 10 0
 कुल  परमान 0   ए    2.0477   िड   0   हे     
अंितम  लगान  का  िववरण
तारीख प्रा  पत्र  सं० साल  से साल  तक लागत  बकाया
2025-07-27 18:11:41 27072506100389666327 2025-2026 2025-2026 0
उपरोक्त  जमाबंदी  के  िवरुद्ध  दाखल  ख़ारज  का  िववरण Mutation Cases Not Found !!
यिद  आप  िकसी  भी  ॉट  के  रिजेशन  के  बारे  म  जानकारी  प्राप्त  करना  चाहते  ह  तो  यहां  क  कर  !
उपरोक्त  जमाबंदी  के  िवरुद्ध  भूिम  बंधक  ( Land Mortgage ) से  सम्बंिधत  िववरण  देखने  के  िलए  यहाँ  क  कर
जमाबंदी  म  िकये  गए  बदलाव  का  िववरण  देखने  के  िलए  यहाँ  क  कर
उपरोक्त  जमाबंदी  के  िवरुद्ध  िविभन्न  राजस्व  कोट  म  दायर  मुकदमों  का  िववरण  देखने  के  िलए  यहाँ  क  कर
यह  एक  कम्पयुटर  जिनत  प्रित  है
िकसी  भी  प्रकार  की  अशुद्धयों  के  िलए  सम्बत  अंचलािधकारी  से  संपक  करे
Last Updated Date:-05/09/2026"
BR_PATNA_SAMPATCHAK_010,BR_PATNA_SAMPATCHAK_010.pdf,Bihar,Patna,Sampatchak,Bairiya Karnpura,Karnpura-121,,212140100126229.0,"[""46""]","[""594""]","[""Abhilasha Ranjan""]","[""Satyarthi""]","[""2.0664""]",Jamabandi Register-II,Hindi,False,"===== PAGE 1 =====

Patna Patna Sadar Sampatchak BAIRIYA KARNPURA
कणपुरा 46 121
िबहार  सरकार  
राजस्व  एवं  भूिम  सुधार  िवभाग
जमाबंदी  पंजी  प्रित
भाग  वतमान  : 15 पृष्ठ  संा  : 40 जमाबी  संा  : कंूटरीकृत  जमाबी  संा  : 212140100126229
िजला  का  नाम  : अनुमंडल  नाम  : अचंल  का  नाम  : हलका  का  नाम  :
मौजा  का  नाम  : होग  संा  : तौजी  संा  : थाना  नंबर  :
 
Abhilasha Ranjan, िलंग : मिहला  , अन्य -W/O-Sri
Satyarthi, जाित - अन्य , िनवासी - Daudpur, Ps-Ben,
Nalanda-803117
खाता  सं० ाट / खेसरा  सं० रकबा चौही परवतन  के  िलए  प्रािघकार लगान सेस
46 594 0   ए    2.0664   िड   0   हे
पू० : प० : 
उ० : द० : नामान्तरण  मुकदमा  संा  57025/2021 - 2022 20 0
 कुल  परमान 0   ए    2.0664   िड   0   हे     
अंितम  लगान  का  िववरण
तारीख प्रा  पत्र  सं० साल  से साल  तक लागत  बकाया
2022-02-05 12:44:01 05022022123657955769 2021-2022 2021-2022 0
2023-04-19 17:35:53 19042305352633836869 2022-2023 2023-2024 20
2024-05-01 18:18:39 01052406111321873526 2024-2025 2024-2025 0
2026-04-12 13:15:11 12042601124844109932 2025-2026 2026-2027 20
उपरोक्त  जमाबंदी  के  िवरुद्ध  दाखल  ख़ारज  का  िववरण Mutation Cases Not Found !!
यिद  आप  िकसी  भी  ॉट  के  रिजेशन  के  बारे  म  जानकारी  प्राप्त  करना  चाहते  ह  तो  यहां  क  कर  !
उपरोक्त  जमाबंदी  के  िवरुद्ध  भूिम  बंधक  ( Land Mortgage ) से  सम्बंिधत  िववरण  देखने  के  िलए  यहाँ  क  कर
जमाबंदी  म  िकये  गए  बदलाव  का  िववरण  देखने  के  िलए  यहाँ  क  कर
उपरोक्त  जमाबंदी  के  िवरुद्ध  िविभन्न  राजस्व  कोट  म  दायर  मुकदमों  का  िववरण  देखने  के  िलए  यहाँ  क  कर
यह  एक  कम्पयुटर  जिनत  प्रित  है
िकसी  भी  प्रकार  की  अशुद्धयों  के  िलए  सम्बत  अंचलािधकारी  से  संपक  करे
Last Updated Date:-05/09/2026"
