document_id,file_name,pages,pdf_type,char_length,gt_verified,gt_raiyat_name,gt_jamabandi_num
BR_PATNA_SAMPATCHAK_001,BR_PATNA_SAMPATCHAK_001.pdf,1,text-based,1343,False,None,None
BR_PATNA_SAMPATCHAK_002,BR_PATNA_SAMPATCHAK_002.pdf,1,text-based,1343,False,None,None
BR_PATNA_SAMPATCHAK_003,BR_PATNA_SAMPATCHAK_003.pdf,1,text-based,1471,False,None,None
BR_PATNA_SAMPATCHAK_004,BR_PATNA_SAMPATCHAK_004.pdf,2,text-based,2830,False,None,None
BR_PATNA_SAMPATCHAK_005,BR_PATNA_SAMPATCHAK_005.pdf,1,text-based,1377,False,None,None
BR_PATNA_SAMPATCHAK_006,BR_PATNA_SAMPATCHAK_006.pdf,1,text-based,1514,True,AABHA DEVI,212140100157117
BR_PATNA_SAMPATCHAK_007,BR_PATNA_SAMPATCHAK_007.pdf,1,text-based,1650,False,['Abhay Kumar'],212140100153737
BR_PATNA_SAMPATCHAK_008,BR_PATNA_SAMPATCHAK_008.pdf,1,text-based,1669,False,['Raj Kumar Prasad'],212140100126423
BR_PATNA_SAMPATCHAK_009,BR_PATNA_SAMPATCHAK_009.pdf,1,text-based,1669,False,['Abhay Kumar'],212140100153737
BR_PATNA_SAMPATCHAK_010,BR_PATNA_SAMPATCHAK_010.pdf,1,text-based,1662,False,['Abhilasha Ranjan'],212140100126229
